{
  "parent": "minecraft:block/block",
  "ambientocclusion": false,
  "elements": [
    {
      "faces": {
        "up": {
          "texture": "#water",
          "tintindex": 0
        }
      },
      "from": [
        1,
        0,
        1
      ],
      "to": [
        15,
        6,
        15
      ]
    },
    {
      "faces": {
        "down": {
          "texture": "#bottom"
        }
      },
      "from": [
        1,
        0,
        1
      ],
      "to": [
        15,
        6,
        15
      ]
    },
    {
      "faces": {
        "down": {
          "texture": "#side"
        },
        "east": {
          "texture": "#side"
        },
        "north": {
          "cullface": "north",
          "texture": "#side"
        },
        "south": {
          "texture": "#side"
        },
        "up": {
          "texture": "#side"
        },
        "west": {
          "texture": "#side"
        }
      },
      "from": [
        0,
        0,
        0
      ],
      "to": [
        16,
        8,
        1
      ]
    },
    {
      "faces": {
        "down": {
          "texture": "#side"
        },
        "east": {
          "cullface": "east",
          "texture": "#side"
        },
        "north": {
          "texture": "#side"
        },
        "south": {
          "texture": "#side"
        },
        "up": {
          "texture": "#side"
        },
        "west": {
          "texture": "#side"
        }
      },
      "from": [
        15,
        0,
        0
      ],
      "to": [
        16,
        8,
        16
      ]
    },
    {
      "faces": {
        "down": {
          "texture": "#side"
        },
        "east": {
          "texture": "#side"
        },
        "north": {
          "texture": "#side"
        },
        "south": {
          "cullface": "south",
          "texture": "#side"
        },
        "up": {
          "texture": "#side"
        },
        "west": {
          "texture": "#side"
        }
      },
      "from": [
        0,
        0,
        15
      ],
      "to": [
        16,
        8,
        16
      ]
    },
    {
      "faces": {
        "down": {
          "texture": "#side"
        },
        "east": {
          "texture": "#side"
        },
        "north": {
          "texture": "#side"
        },
        "south": {
          "texture": "#side"
        },
        "up": {
          "texture": "#side"
        },
        "west": {
          "cullface": "west",
          "texture": "#side"
        }
      },
      "from": [
        0,
        0,
        0
      ],
      "to": [
        1,
        8,
        16
      ]
    }
  ],
  "textures": {
    "bottom": "minecraft:block/iron_block",
    "particle": "minecraft:block/iron_block",
    "side": "minecraft:block/iron_block",
    "water": "minecraft:block/water_still"
  }
}