{
  "parent": "minecraft:block/block",
  "ambientocclusion": false,
  "elements": [
    {
      "faces": {
        "north": {
          "texture": "#bedding"
        },
        "up": {
          "texture": "#bedding"
        }
      },
      "from": [
        1.6,
        3.2,
        1.6
      ],
      "to": [
        14.4,
        6.4,
        14.4
      ]
    },
    {
      "faces": {
        "down": {
          "cullface": "down",
          "texture": "#casing"
        },
        "east": {
          "texture": "#casing"
        },
        "north": {
          "texture": "#casing"
        },
        "south": {
          "texture": "#casing"
        },
        "up": {
          "texture": "#casing"
        },
        "west": {
          "texture": "#casing"
        }
      },
      "from": [
        0,
        0,
        0
      ],
      "to": [
        16,
        3.2,
        16
      ]
    },
    {
      "faces": {
        "down": {
          "texture": "#casing"
        },
        "east": {
          "texture": "#casing"
        },
        "north": {
          "cullface": "north",
          "texture": "#casing"
        },
        "south": {
          "texture": "#casing"
        },
        "up": {
          "texture": "#casing"
        },
        "west": {
          "texture": "#casing"
        }
      },
      "from": [
        11.2,
        3.2,
        0
      ],
      "to": [
        16,
        9.6,
        1.6
      ]
    },
    {
      "faces": {
        "down": {
          "texture": "#casing"
        },
        "east": {
          "texture": "#casing"
        },
        "north": {
          "cullface": "north",
          "texture": "#casing"
        },
        "south": {
          "texture": "#casing"
        },
        "up": {
          "texture": "#casing"
        },
        "west": {
          "texture": "#casing"
        }
      },
      "from": [
        0,
        3.2,
        0
      ],
      "to": [
        4.8,
        9.6,
        1.6
      ]
    },
    {
      "faces": {
        "down": {
          "texture": "#casing"
        },
        "east": {
          "cullface": "east",
          "texture": "#casing"
        },
        "north": {
          "texture": "#casing"
        },
        "south": {
          "texture": "#casing"
        },
        "up": {
          "texture": "#casing"
        },
        "west": {
          "texture": "#casing"
        }
      },
      "from": [
        14.4,
        3.2,
        0
      ],
      "to": [
        16,
        9.6,
        16
      ]
    },
    {
      "faces": {
        "down": {
          "texture": "#casing"
        },
        "east": {
          "texture": "#casing"
        },
        "north": {
          "texture": "#casing"
        },
        "south": {
          "cullface": "south",
          "texture": "#casing"
        },
        "up": {
          "texture": "#casing"
        },
        "west": {
          "texture": "#casing"
        }
      },
      "from": [
        0,
        3.2,
        14.4
      ],
      "to": [
        16,
        9.6,
        16
      ]
    },
    {
      "faces": {
        "down": {
          "texture": "#casing"
        },
        "east": {
          "texture": "#casing"
        },
        "north": {
          "texture": "#casing"
        },
        "south": {
          "texture": "#casing"
        },
        "up": {
          "texture": "#casing"
        },
        "west": {
          "cullface": "west",
          "texture": "#casing"
        }
      },
      "from": [
        0,
        3.2,
        0
      ],
      "to": [
        1.6,
        9.6,
        16
      ]
    }
  ],
  "textures": {
    "bedding": "minecraft:block/white_wool",
    "casing": "minecraft:block/oak_planks",
    "particle": "minecraft:block/oak_planks"
  }
}